month,revenue,orders,customers
2009-12,799847.11,2330,1045
2010-01,624032.892,1633,786
2010-02,533091.426,1969,807
2010-03,765848.761,2367,1111
2010-04,590580.432,1892,998
2010-05,615322.83,2418,1062
2010-06,679786.61,2216,1095
2010-07,575236.36,2017,988
2010-08,656776.34,1877,964
2010-09,853650.431,2375,1202
2010-10,1045168.35,2965,1577
2010-11,1422654.642,3669,1683
2010-12,1126445.47,2025,948
2011-01,560000.26,1476,783
2011-02,498062.65,1393,798
2011-03,683267.08,1983,1020
2011-04,493207.121,1744,899
2011-05,723333.51,2162,1079
2011-06,691123.12,2012,1051
2011-07,681300.111,1927,993
2011-08,682680.51,1737,980
2011-09,1019687.622,2327,1302
2011-10,1070704.67,2637,1425
2011-11,1461756.25,3462,1711
2011-12,433686.01,1015,686
